"src","OSPG_RD","DM114640","http://redcats-usa-t.neolane.net/res/img/FA0411479656875250C8ECB1B553C0C6.jpg","http://www.roamans.com/Plus-Size-Tops-and-Tees.aspx?DeptId=26535","Tops-and-Tees"
"src","OSPG_RD","DM115398","http://redcats-usa-t.neolane.net/res/img/ABF2A424A3A6E04A9B1EB19CD11A4544.jpg","http://www.roamans.com/Plus-Size-Tops-and-Tees.aspx?DeptId=26535","Tops-and-Tees"
"src","OSPG_RD","DM115400","http://redcats-usa-t.neolane.net/res/img/0099A946F61F4670C19BEEB6329DEBA7.jpg","http://www.roamans.com/Plus-Size-New-Spring-Collection.aspx?DeptId=26742","New-Spring-Collection"
"src","OSPG_RD","DM115400","http://redcats-usa-t.neolane.net/res/img/7944054E089E663F654F1414C6C5FA16.jpg","http://www.roamans.com/Plus-Size-Dreams-and-Co.aspx?DeptId=11165","Dreams-and-Co"
"src","OSPG_RD","DM115400","http://redcats-usa-t.neolane.net/res/img/973A946D56F3F46FA838918C5F086737.jpg","http://www.roamans.com/Plus-Size-Swimwear.aspx?DeptId=26553","Swimwear"
"src","OSPG_RD","DM115401","http://redcats-usa-t.neolane.net/res/img/FCC31A0C70DF075D4F170E373446FDC2.jpg","http://www.roamans.com/Plus-Size-New-Spring-Collection.aspx?DeptId=26742","New-Spring-Collection"
"src","OSPG_RD","DM115401","http://redcats-usa-t.neolane.net/res/img/9FC12639CAFF5619C4B64806527E5269.jpg","http://www.roamans.com/Plus-Size-Dreams-and-Co.aspx?DeptId=11165","Dreams-and-Co"
"src","OSPG_RD","DM115401","http://redcats-usa-t.neolane.net/res/img/264D1BAD6166E9D7AF9EF0A4411D5589.jpg","http://www.roamans.com/Plus-Size-Swimwear.aspx?DeptId=26553","Swimwear"
"src","OSPG_RD","DM115402","http://redcats-usa-t.neolane.net/res/img/FA0411479656875250C8ECB1B553C0C6.jpg","http://www.roamans.com/Plus-Size-Tops-and-Tees.aspx?DeptId=26535","Tops-and-Tees"
"src","OSPG_RD","DM115403","http://redcats-usa-t.neolane.net/res/img/66FE0D4AD687321CA11F9BD9AFD55386.jpg","http://www.roamans.com/Plus-Size-Knit-Tops-and-Tees.aspx?DeptId=26536","Knit-Tops-and-Tees"
"src","OSPG_RD","DM115403","http://redcats-usa-t.neolane.net/res/img/BA2EF09688E70A6DE75FB8D96F038900.jpg","http://www.roamans.com/Plus-Size-Deals-Of-The-Week.aspx?DeptId=26505","Deals-Of-The-Week"
"src","OSPG_RD","DM115404","http://redcats-usa-t.neolane.net/res/img/D822D2AFDD0DF1C3C24B1EDC0E506024.jpg","http://www.roamans.com/Plus-Size-Bras.aspx?DeptId=19683","Bras"
"src","OSPG_RD","DM115404","http://redcats-usa-t.neolane.net/res/img/A52B4DAA14110E3FD5A05B16074F7F56.jpg","http://www.roamans.com/Plus-Size-Pajamas--Separates.aspx?DeptId=19844 ","Pajamas--Separates"
"src","OSPG_RD","DM115408","http://redcats-usa-t.neolane.net/res/img/ABF2A424A3A6E04A9B1EB19CD11A4544.jpg","http://www.roamans.com/Plus-Size-Tops-and-Tees.aspx?DeptId=26535","Tops-and-Tees"
"src","OSPG_RD","DM115410","http://redcats-usa-t.neolane.net/res/img/ABF2A424A3A6E04A9B1EB19CD11A4544.jpg","http://www.roamans.com/Plus-Size-Tops-and-Tees.aspx?DeptId=26535","Tops-and-Tees"
"src","OSPG_RD","DM115411","http://redcats-usa-t.neolane.net/res/img/ABF2A424A3A6E04A9B1EB19CD11A4544.jpg","http://www.roamans.com/Plus-Size-Tops-and-Tees.aspx?DeptId=26535","Tops-and-Tees"
"src","OSPG_RD","DM115415","http://redcats-usa-t.neolane.net/res/img/882C299C4FE3504299417E754C831492.jpg","http://www.onestopplus.com/Plus-Size-Sweaters-LookBook.aspx?DeptId=28311&promocoupon=FBRMFEB","Sweaters-LookBook"
"src","OSPG_RD","DM115415","http://redcats-usa-t.neolane.net/res/img/2CC70793F3CDC9C59D34836247E60F5C.jpg","http://www.onestopplus.com/Plus-Size-Colorblock-Tunics.aspx?DeptId=28382&promocoupon=FBRMFEB","Colorblock-Tunics"
"src","OSPG_RD","DM115415","http://redcats-usa-t.neolane.net/res/img/59AECBD7E9F89B9E3D256AA472155BAC.jpg","http://www.onestopplus.com/Plus-Size-Crochet-Openwork.aspx?DeptId=28383&promocoupon=FBRMFEB","Crochet-Openwork"
"src","OSPG_RD","DM115415","http://redcats-usa-t.neolane.net/res/img/95226082ADD643B7ADDBE65C1DC9592A.jpg","http://www.onestopplus.com/Plus-Size-Marled-Pullovers.aspx?DeptId=28384&promocoupon=FBRMFEB","Marled-Pullovers"
"src","OSPG_RD","DM115415","http://redcats-usa-t.neolane.net/res/img/227FF2E8D917733F0D926D10B61D2F61.jpg","http://www.onestopplus.com/Plus-Size-Holidays-Your-Way.aspx?DeptId=28090","Holidays-Your-Way"
"src","OSPG_RD","DM115415","http://redcats-usa-t.neolane.net/res/img/DF5282A7687D1C3E6834A06DB7B81477.jpg","http://www.onestopplus.com/Plus-Size-SWEATERS-LOOKBOOK.aspx?DeptId=28311","SWEATERS-LOOKBOOK"
"src","OSPG_RD","DM115415","http://redcats-usa-t.neolane.net/res/img/4B4766462B50A0D378E20A78BF17CA71.jpg","http://www.onestopplus.com/Plus-Size-Get-the-Look.aspx?DeptId=28169","Get-the-Look"
"src","OSPG_RD","DM115774","http://redcats-usa-t.neolane.net/res/img/A9C8432FFC215FDEE0E09E45FA2F495C.jpg","http://www.roamans.com/Plus-Size-Knit-Tops-and-Tees.aspx?DeptId=26536","Knit-Tops-and-Tees"
"src","OSPG_RD","DM115774","http://redcats-usa-t.neolane.net/res/img/81AE059D99ED7BE21D2213B611D19FC9.jpg","http://www.roamans.com/Plus-Size-Deals-Of-The-Week.aspx?DeptId=26505","Deals-Of-The-Week"
"src","OSPG_RD","DM115786","http://redcats-usa-t.neolane.net/res/img/66FE0D4AD687321CA11F9BD9AFD55386.jpg","http://www.roamans.com/Plus-Size-Knit-Tops-and-Tees.aspx?DeptId=26536","Knit-Tops-and-Tees"
"src","OSPG_RD","DM115786","http://redcats-usa-t.neolane.net/res/img/BA2EF09688E70A6DE75FB8D96F038900.jpg","http://www.roamans.com/Plus-Size-Deals-Of-The-Week.aspx?DeptId=26505","Deals-Of-The-Week"
"src","OSPG_RD","DM116009","http://redcats-usa-t.neolane.net/res/img/FCC31A0C70DF075D4F170E373446FDC2.jpg","http://www.roamans.com/Plus-Size-New-Spring-Collection.aspx?DeptId=26742","New-Spring-Collection"
"src","OSPG_RD","DM116009","http://redcats-usa-t.neolane.net/res/img/9FC12639CAFF5619C4B64806527E5269.jpg","http://www.roamans.com/Plus-Size-Dreams-and-Co.aspx?DeptId=11165","Dreams-and-Co"
"src","OSPG_RD","DM116009","http://redcats-usa-t.neolane.net/res/img/264D1BAD6166E9D7AF9EF0A4411D5589.jpg","http://www.roamans.com/Plus-Size-Swimwear.aspx?DeptId=26553","Swimwear"
"src","OSPG_RD","DM116119","http://redcats-usa-t.neolane.net/res/img/4CD4F4CB04D38B4565CEF1C344627EF1.jpg","http://www.roamans.com/Plus-Size-Knit-Tops-and-Tees.aspx?DeptId=26536","Knit-Tops-and-Tees"
"src","OSPG_RD","DM116119","http://redcats-usa-t.neolane.net/res/img/551DD0148D2A4E2DC102F3482426FD67.jpg","http://www.roamans.com/Plus-Size-Just-Marked-Down.aspx?DeptId=19009","Just-Marked-Down"
"src","OSPG_RD","DM116119","http://redcats-usa-t.neolane.net/res/img/DD3272DEB8AD1C37745C63413781B051.jpg","http://www.roamans.com/Plus-Size-European-Collection.aspx?DeptId=26509","European-Collection"
"src","OSPG_RD","DM116121","http://redcats-usa-t.neolane.net/res/img/CEAF9BA0AEBD4500EDCAF4538AAA9CAC.jpg","http://www.roamans.com/Plus-Size-Just-Arrived.aspx?DeptId=26503 ","Just-Arrived"
"src","OSPG_RD","DM116121","http://redcats-usa-t.neolane.net/res/img/6416BFA2904B23CD69BE378E074CB6DE.jpg","http://www.roamans.com/Plus-Size-Knit-Tops-and-Tees.aspx?DeptId=26536","Knit-Tops-and-Tees"
"src","OSPG_RD","DM116121","http://redcats-usa-t.neolane.net/res/img/57BAE80A999B20BBD5B67EBE0015B0E0.jpg","http://www.roamans.com/Plus-Size-Dress-The-Event-30-off.aspx?DeptId=28211","Dress-The-Event-30-off"
"src","OSPG_RD","DM116123","http://redcats-usa-t.neolane.net/res/img/D1D650D122F43714F13E5F7F60271E4A.jpg","http://www.roamans.com/Plus-Size-New-Spring-Collection.aspx?DeptId=26742","New-Spring-Collection"
"src","OSPG_RD","DM116124","http://redcats-usa-t.neolane.net/res/img/40CFDD744B87FC9758670C029E1A9646.jpg","http://www.roamans.com/Plus-Size-Tunics.aspx?DeptId=26538","Tunics"
"src","OSPG_RD","DM116124","http://redcats-usa-t.neolane.net/res/img/426CB2CF493D8BD01048E0B89EFAB09C.jpg","http://www.roamans.com/Plus-Size-Bra-BOGO.aspx?DeptId=28427","Bra-BOGO"
"src","OSPG_RD","DM116124","http://redcats-usa-t.neolane.net/res/img/8BFC3EFBA0063B9DAC95256B8AF49CB8.jpg","http://www.roamans.com/Plus-Size-Deals-Of-The-Week.aspx?DeptId=26505","Deals-Of-The-Week"
"src","OSPG_RD","DM116125","http://redcats-usa-t.neolane.net/res/img/D228CCB8F17A9010D5A5F8E70D057CFE.jpg","http://www.roamans.com/Plus-Size-Just-Arrived.aspx?DeptId=26503","Just-Arrived"
"src","OSPG_RD","DM116125","http://redcats-usa-t.neolane.net/res/img/2FD271E965FB8BE7FE47A45D46983777.jpg","http://www.roamans.com/Plus-Size-Sweaters.aspx?DeptId=26539","Sweaters"
"src","OSPG_RD","DM116125","http://redcats-usa-t.neolane.net/res/img/DB87EF7BD6748202E6929020357AF297.jpg","http://www.roamans.com/Plus-Size-Boot-Sale-up-to-70-off.aspx?DeptId=26105","Boot-Sale-up-to-70-off"
"src","OSPG_RD","DM116164","http://redcats-usa-t.neolane.net/res/img/4CD4F4CB04D38B4565CEF1C344627EF1.jpg","http://www.roamans.com/Plus-Size-Knit-Tops-and-Tees.aspx?DeptId=26536","Knit-Tops-and-Tees"
"src","OSPG_RD","DM116164","http://redcats-usa-t.neolane.net/res/img/551DD0148D2A4E2DC102F3482426FD67.jpg","http://www.roamans.com/Plus-Size-Just-Marked-Down.aspx?DeptId=19009","Just-Marked-Down"
"src","OSPG_RD","DM116164","http://redcats-usa-t.neolane.net/res/img/DD3272DEB8AD1C37745C63413781B051.jpg","http://www.roamans.com/Plus-Size-European-Collection.aspx?DeptId=26509","European-Collection"
